fecha,indice,indice_sin_fiscal,indice_ancla,banda_min,banda_max,Actividad,Empleo e ingresos,Precios,Fiscal,Externo,Financiero,Precios_ancla,n_pilares
2004-01-01,-0.901,-0.871,-1.189,-1.58,-0.376,,-3.0,1.814,-1.022,-0.925,-1.372,0.376,5
2004-02-01,-0.841,-0.848,-1.129,-1.517,-0.302,,-3.0,1.86,-0.817,-0.925,-1.325,0.422,5
2004-03-01,-0.811,-0.825,-1.098,-1.463,-0.264,,-3.0,1.8,-0.756,-0.857,-1.242,0.362,5
2004-04-01,-0.78,-0.794,-1.068,-1.404,-0.225,,-3.0,1.713,-0.725,-0.716,-1.174,0.275,5
2004-05-01,-0.704,-0.782,-0.992,-1.285,-0.13,,-3.0,1.619,-0.394,-0.704,-1.043,0.181,5
2004-06-01,-0.646,-0.759,-0.934,-1.214,-0.058,,-3.0,1.626,-0.194,-0.684,-0.978,0.188,5
2004-07-01,-0.585,-0.717,-0.873,-1.153,0.018,,-3.0,1.686,-0.056,-0.668,-0.887,0.248,5
2004-08-01,-0.525,-0.69,-0.813,-1.092,0.093,,-3.0,1.74,0.133,-0.715,-0.783,0.301,5
2004-09-01,-0.51,-0.677,-0.797,-1.073,0.113,,-3.0,1.746,0.162,-0.715,-0.741,0.308,5
2004-10-01,-0.339,-0.506,-0.626,-0.867,0.188,,-2.444,1.773,0.33,-0.704,-0.648,0.335,5
2004-11-01,-0.314,-0.481,-0.602,-0.851,0.219,,-2.444,1.833,0.357,-0.725,-0.59,0.395,5
2004-12-01,-0.139,-0.383,-0.427,-0.629,0.437,,-2.444,1.819,0.835,-0.048,-0.858,0.381,5
2005-01-01,-0.192,-0.403,-0.379,-0.46,0.365,1.056,-2.976,1.148,0.861,0.013,-1.253,0.026,6
2005-02-01,-0.124,-0.317,-0.364,-0.454,0.446,0.748,-2.976,1.525,0.843,0.014,-0.898,0.087,6
2005-03-01,-0.112,-0.312,-0.352,-0.404,0.461,0.969,-2.976,1.347,0.889,0.075,-0.976,-0.091,6
2005-04-01,0.068,-0.104,-0.172,-0.208,0.564,1.317,-2.41,1.448,0.926,0.064,-0.937,0.01,6
2005-05-01,-0.016,-0.101,-0.256,-0.32,0.463,1.195,-2.41,1.501,0.407,0.069,-0.86,0.063,6
2005-06-01,-0.065,-0.129,-0.305,-0.398,0.404,0.836,-2.41,1.6,0.255,0.118,-0.79,0.162,6
2005-07-01,0.129,0.097,-0.111,-0.134,0.537,0.76,-1.91,1.443,0.29,0.187,0.004,0.005,6
2005-08-01,0.104,0.078,-0.136,-0.171,0.506,0.671,-1.91,1.476,0.23,0.168,-0.012,0.038,6
2005-09-01,0.083,0.063,-0.157,-0.188,0.482,0.623,-1.91,1.436,0.183,0.152,0.015,-0.002,6
2005-10-01,0.187,0.192,-0.053,-0.053,0.547,0.71,-1.266,1.386,0.16,0.147,-0.018,-0.052,6
2005-11-01,0.188,0.183,-0.052,-0.015,0.559,0.849,-1.266,1.203,0.21,0.132,-0.002,-0.235,6
2005-12-01,0.235,0.248,-0.005,0.045,0.62,1.122,-1.266,1.185,0.17,0.177,0.021,-0.253,6
2006-01-01,0.066,0.042,-0.174,-0.148,0.483,0.814,-2.021,1.131,0.183,0.175,0.111,-0.307,6
2006-02-01,0.078,0.066,-0.162,-0.153,0.497,0.833,-2.021,1.232,0.135,0.179,0.109,-0.206,6
2006-03-01,0.053,0.042,-0.186,-0.182,0.468,0.627,-2.021,1.231,0.111,0.191,0.182,-0.207,6
2006-04-01,0.195,0.22,-0.044,-0.021,0.572,0.839,-1.438,1.277,0.071,0.215,0.208,-0.161,6
2006-05-01,0.208,0.138,-0.032,-0.004,0.581,0.412,-1.438,1.27,0.556,0.228,0.22,-0.168,6
2006-06-01,0.306,0.249,0.066,0.088,0.669,0.716,-1.438,1.395,0.589,0.289,0.283,-0.043,6
2006-07-01,0.397,0.352,0.157,0.183,0.744,0.98,-1.301,1.468,0.619,0.263,0.351,0.03,6
2006-08-01,0.427,0.407,0.187,0.178,0.773,0.864,-1.301,1.674,0.529,0.257,0.54,0.236,6
2006-09-01,0.458,0.436,0.218,0.202,0.809,0.994,-1.301,1.735,0.565,0.251,0.501,0.297,6
2006-10-01,0.596,0.598,0.356,0.374,0.905,0.927,-0.43,1.705,0.585,0.256,0.531,0.267,6
2006-11-01,0.6,0.582,0.361,0.395,0.915,0.815,-0.43,1.629,0.694,0.306,0.587,0.191,6
2006-12-01,0.612,0.646,0.372,0.425,0.925,1.134,-0.43,1.545,0.438,0.348,0.634,0.107,6
2007-01-01,0.384,0.384,0.144,0.167,0.724,0.533,-1.061,1.467,0.381,0.355,0.628,0.029,6
2007-02-01,0.431,0.447,0.191,0.229,0.758,0.921,-1.061,1.44,0.351,0.354,0.581,0.002,6
2007-03-01,0.436,0.462,0.196,0.214,0.744,1.184,-1.061,1.546,0.306,0.012,0.627,0.108,6
2007-04-01,0.471,0.509,0.232,0.309,0.8,0.594,-0.23,1.281,0.281,0.374,0.528,-0.157,6
2007-05-01,0.487,0.511,0.247,0.382,0.837,1.014,-0.23,1.008,0.366,0.409,0.356,-0.431,6
2007-06-01,0.432,0.438,0.192,0.302,0.796,1.083,-0.23,0.571,0.403,0.459,0.306,-0.868,6
2007-07-01,0.314,0.304,0.074,0.257,0.699,0.598,-0.119,0.377,0.365,0.421,0.242,-1.061,6
2007-08-01,0.266,0.225,0.026,0.156,0.688,0.812,-0.119,-0.118,0.471,0.37,0.178,-1.556,6
2007-09-01,0.3,0.261,0.06,0.196,0.716,0.819,-0.119,-0.032,0.495,0.358,0.276,-1.47,6
2007-10-01,0.338,0.314,0.098,0.206,0.759,0.999,0.224,-0.128,0.459,0.299,0.175,-1.566,6
2007-11-01,0.49,0.49,0.25,0.374,0.863,1.068,0.224,0.522,0.488,0.303,0.335,-0.916,6
2007-12-01,0.457,0.48,0.217,0.366,0.824,0.911,0.224,0.651,0.34,0.312,0.301,-0.787,6
2008-01-01,0.462,0.473,0.223,0.334,0.826,1.106,-0.243,0.942,0.409,0.343,0.217,-0.496,6
2008-02-01,0.262,0.209,0.022,0.209,0.663,0.398,-0.243,0.521,0.524,0.332,0.037,-0.917,6
2008-03-01,0.095,0.012,-0.144,0.012,0.546,0.276,-0.243,-0.02,0.514,0.326,-0.28,-1.458,6
2008-04-01,0.17,0.094,-0.07,0.053,0.636,0.752,-0.032,-0.241,0.551,0.299,-0.31,-1.679,6
2008-05-01,0.135,0.047,-0.105,0.047,0.613,0.512,-0.032,-0.289,0.578,0.276,-0.234,-1.727,6
2008-06-01,0.109,0.018,-0.13,0.018,0.577,0.144,-0.032,-0.235,0.565,0.266,-0.053,-1.673,6
2008-07-01,0.225,0.144,-0.015,0.144,0.671,0.535,0.074,-0.01,0.631,0.275,-0.155,-1.448,6
2008-08-01,0.285,0.193,0.045,0.193,0.709,0.546,0.074,0.212,0.746,0.333,-0.2,-1.226,6
2008-09-01,0.285,0.191,0.046,0.191,0.711,0.468,0.074,0.294,0.758,0.399,-0.28,-1.144,6
2008-10-01,0.218,0.106,-0.022,0.106,0.659,-0.167,0.368,0.203,0.779,0.48,-0.356,-1.235,6
2008-11-01,0.199,0.079,-0.041,0.079,0.623,-0.684,0.368,0.471,0.798,0.486,-0.249,-0.967,6
2008-12-01,0.099,-0.007,-0.14,-0.094,0.483,-1.718,0.368,1.066,0.63,0.451,-0.201,-0.372,6
2009-01-01,-0.091,-0.235,-0.331,-0.288,0.325,-1.834,-0.273,0.893,0.625,0.431,-0.39,-0.546,6
2009-02-01,-0.119,-0.279,-0.359,-0.279,0.327,-1.472,-0.273,0.59,0.681,0.444,-0.684,-0.848,6
2009-03-01,-0.215,-0.395,-0.454,-0.395,0.235,-1.963,-0.273,0.543,0.686,0.401,-0.682,-0.895,6
2009-04-01,-0.322,-0.496,-0.562,-0.496,0.128,-2.343,-0.498,0.523,0.546,0.422,-0.584,-0.915,6
2009-05-01,-0.327,-0.493,-0.566,-0.498,0.122,-2.421,-0.498,0.527,0.506,0.443,-0.518,-0.911,6
2009-06-01,-0.28,-0.413,-0.52,-0.443,0.165,-2.118,-0.498,0.534,0.384,0.437,-0.418,-0.904,6
2009-07-01,-0.273,-0.387,-0.512,-0.42,0.166,-1.788,-0.704,0.448,0.299,0.466,-0.357,-0.99,6
2009-08-01,-0.329,-0.454,-0.569,-0.478,0.134,-1.488,-0.704,-0.001,0.293,0.411,-0.488,-1.439,6
2009-09-01,-0.246,-0.326,-0.486,-0.382,0.18,-1.246,-0.704,0.243,0.152,0.432,-0.353,-1.195,6
2009-10-01,-0.128,-0.162,-0.368,-0.251,0.289,-0.858,-0.28,0.27,0.041,0.486,-0.427,-1.168,6
2009-11-01,-0.041,-0.052,-0.281,-0.159,0.353,-0.651,-0.28,0.548,0.012,0.541,-0.416,-0.89,6
2009-12-01,-0.06,-0.127,-0.3,-0.195,0.37,-0.65,-0.28,0.22,0.272,0.616,-0.539,-1.219,6
2010-01-01,0.114,0.074,-0.126,0.004,0.525,0.104,-0.237,0.318,0.314,0.662,-0.479,-1.12,6
2010-02-01,0.074,0.035,-0.165,-0.05,0.499,0.193,-0.237,0.091,0.269,0.694,-0.563,-1.348,6
2010-03-01,0.082,0.037,-0.157,-0.022,0.538,0.531,-0.237,-0.125,0.308,0.604,-0.588,-1.563,6
2010-04-01,0.218,0.197,-0.021,0.023,0.675,1.195,0.0,-0.249,0.327,0.59,-0.554,-1.687,6
2010-05-01,0.331,0.321,0.091,0.095,0.773,1.511,0.0,-0.039,0.38,0.636,-0.504,-1.477,6
2010-06-01,0.329,0.291,0.089,0.114,0.783,1.404,0.0,-0.022,0.517,0.634,-0.562,-1.46,6
2010-07-01,0.297,0.242,0.057,0.18,0.739,0.881,0.237,-0.024,0.569,0.632,-0.516,-1.463,6
2010-08-01,0.29,0.216,0.05,0.184,0.738,0.82,0.237,-0.08,0.662,0.574,-0.471,-1.519,6
2010-09-01,0.326,0.263,0.087,0.259,0.749,0.661,0.237,0.247,0.641,0.548,-0.376,-1.191,6
2010-10-01,0.333,0.264,0.093,0.255,0.756,0.723,0.356,0.098,0.677,0.507,-0.363,-1.34,6
2010-11-01,0.42,0.347,0.181,0.301,0.83,1.015,0.356,0.165,0.784,0.513,-0.311,-1.273,6
2010-12-01,0.389,0.304,0.149,0.277,0.817,0.951,0.356,-0.027,0.815,0.496,-0.258,-1.465,6
2011-01-01,0.485,0.43,0.246,0.312,0.873,1.353,0.296,0.147,0.761,0.455,-0.1,-1.291,6
2011-02-01,0.341,0.235,0.101,0.235,0.755,0.493,0.296,0.1,0.867,0.427,-0.14,-1.338,6
2011-03-01,0.32,0.223,0.08,0.223,0.739,0.622,0.296,-0.104,0.807,0.409,-0.111,-1.542,6
2011-04-01,0.349,0.247,0.109,0.247,0.737,0.456,0.356,0.09,0.859,0.366,-0.032,-1.349,6
2011-05-01,0.357,0.261,0.117,0.261,0.743,0.664,0.356,-0.084,0.839,0.372,-0.005,-1.522,6
2011-06-01,0.302,0.209,0.062,0.209,0.695,0.441,0.356,-0.059,0.766,0.363,-0.056,-1.497,6
2011-07-01,0.397,0.314,0.158,0.314,0.764,0.553,0.415,0.095,0.813,0.345,0.163,-1.343,6
2011-08-01,0.366,0.29,0.127,0.29,0.734,0.446,0.415,0.099,0.748,0.328,0.161,-1.339,6
2011-09-01,0.423,0.348,0.183,0.348,0.79,0.719,0.415,0.021,0.798,0.4,0.183,-1.417,6
2011-10-01,0.497,0.427,0.257,0.427,0.846,0.365,0.712,0.252,0.849,0.409,0.396,-1.187,6
2011-11-01,0.481,0.41,0.241,0.41,0.833,0.255,0.712,0.268,0.836,0.327,0.489,-1.171,6
2011-12-01,0.369,0.363,0.13,0.301,0.751,0.384,0.712,0.113,0.399,0.35,0.258,-1.325,6
2012-01-01,0.317,0.31,0.077,0.285,0.673,0.119,0.474,0.286,0.351,0.327,0.341,-1.152,6
2012-02-01,0.245,0.224,0.006,0.199,0.615,-0.228,0.474,0.338,0.354,0.332,0.202,-1.1,6
2012-03-01,0.164,0.122,-0.076,0.102,0.564,-0.182,0.474,-0.045,0.375,0.343,0.018,-1.483,6
2012-04-01,-0.015,-0.099,-0.255,-0.101,0.417,-0.753,0.415,-0.298,0.404,0.291,-0.15,-1.736,6
2012-05-01,-0.099,-0.195,-0.339,-0.202,0.328,-1.137,0.415,-0.265,0.377,0.135,-0.121,-1.703,6
2012-06-01,-0.095,-0.216,-0.335,-0.216,0.335,-1.029,0.415,-0.333,0.511,0.024,-0.158,-1.771,6
2012-07-01,-0.06,-0.158,-0.3,-0.158,0.376,-0.43,0.178,-0.398,0.431,-0.007,-0.133,-1.836,6
2012-08-01,-0.062,-0.176,-0.302,-0.176,0.388,-0.322,0.178,-0.557,0.504,-0.002,-0.175,-1.995,6
2012-09-01,0.05,-0.047,-0.19,-0.047,0.461,-0.238,0.178,-0.213,0.537,0.031,0.004,-1.651,6
2012-10-01,0.186,0.12,-0.054,0.105,0.574,-0.061,0.593,0.02,0.517,0.04,0.007,-1.418,6
2012-11-01,0.162,0.094,-0.077,0.076,0.559,-0.034,0.593,-0.029,0.505,0.026,-0.086,-1.467,6
2012-12-01,0.195,0.198,-0.045,0.115,0.579,0.277,0.593,0.078,0.182,0.013,0.027,-1.36,6
2013-01-01,0.016,-0.03,-0.223,-0.03,0.429,-0.359,0.045,0.125,0.248,-0.067,0.105,-1.313,6
2013-02-01,0.13,0.103,-0.11,0.095,0.534,0.254,0.097,0.184,0.265,-0.156,0.136,-1.254,6
2013-03-01,0.123,0.095,-0.117,0.073,0.523,0.232,0.086,0.309,0.266,-0.268,0.115,-1.129,6
2013-04-01,0.186,0.178,-0.054,0.111,0.587,0.363,0.396,0.357,0.222,-0.368,0.143,-1.082,6
2013-05-01,0.175,0.16,-0.065,0.103,0.589,0.477,0.333,0.22,0.25,-0.401,0.172,-1.218,6
2013-06-01,0.14,0.122,-0.1,0.059,0.557,0.546,0.312,-0.105,0.228,-0.302,0.16,-1.543,6
2013-07-01,0.065,0.028,-0.175,-0.016,0.478,0.153,0.465,-0.356,0.248,-0.347,0.224,-1.794,6
2013-08-01,0.175,0.154,-0.065,0.104,0.558,0.478,0.532,-0.184,0.283,-0.398,0.341,-1.623,6
2013-09-01,0.17,0.147,-0.069,0.104,0.548,0.311,0.502,0.004,0.287,-0.43,0.348,-1.434,6
2013-10-01,0.157,0.137,-0.083,0.067,0.523,0.051,0.607,0.013,0.256,-0.432,0.445,-1.426,6
2013-11-01,0.086,0.058,-0.154,-0.022,0.457,-0.058,0.623,-0.182,0.225,-0.483,0.389,-1.62,6
2013-12-01,0.037,-0.09,-0.203,-0.09,0.416,-0.343,0.526,-0.624,0.672,-0.341,0.331,-2.062,6
2014-01-01,-0.043,-0.193,-0.283,-0.193,0.373,-0.402,0.293,-0.814,0.705,-0.308,0.267,-2.252,6
2014-02-01,-0.16,-0.33,-0.4,-0.33,0.296,-0.402,0.241,-1.386,0.689,-0.311,0.208,-2.825,6
2014-03-01,-0.15,-0.293,-0.39,-0.293,0.287,-0.589,0.142,-1.09,0.563,-0.19,0.262,-2.528,6
2014-04-01,-0.115,-0.268,-0.354,-0.268,0.312,-0.63,0.122,-0.949,0.65,-0.097,0.217,-2.388,6
2014-05-01,-0.079,-0.218,-0.319,-0.218,0.332,-0.584,0.179,-0.561,0.618,-0.175,0.049,-1.999,6
2014-06-01,-0.09,-0.19,-0.33,-0.19,0.3,-0.746,0.225,-0.321,0.411,-0.183,0.074,-1.759,6
2014-07-01,-0.113,-0.23,-0.353,-0.23,0.28,-0.776,0.087,-0.27,0.473,-0.148,-0.045,-1.708,6
2014-08-01,-0.184,-0.301,-0.424,-0.301,0.212,-0.929,0.026,-0.193,0.4,-0.284,-0.124,-1.632,6
2014-09-01,-0.321,-0.449,-0.561,-0.449,0.114,-0.972,0.097,-0.51,0.321,-0.541,-0.321,-1.948,6
2014-10-01,-0.222,-0.327,-0.461,-0.327,0.188,-0.822,0.3,-0.279,0.305,-0.586,-0.247,-1.717,6
2014-11-01,-0.18,-0.269,-0.42,-0.274,0.216,-0.658,0.289,-0.292,0.266,-0.483,-0.203,-1.73,6
2014-12-01,-0.113,-0.191,-0.353,-0.202,0.258,-0.596,0.331,-0.118,0.276,-0.427,-0.146,-1.556,6
2015-01-01,-0.08,-0.126,-0.319,-0.171,0.275,-0.601,0.378,0.045,0.155,-0.502,0.047,-1.393,6
2015-02-01,0.1,0.089,-0.14,0.029,0.409,-0.035,0.455,0.386,0.153,-0.539,0.179,-1.052,6
2015-03-01,0.101,0.087,-0.138,0.009,0.403,-0.084,0.564,0.297,0.175,-0.589,0.244,-1.141,6
2015-04-01,0.214,0.24,-0.026,0.09,0.502,0.315,0.832,0.349,0.082,-0.567,0.272,-1.09,6
2015-05-01,0.218,0.262,-0.022,0.099,0.492,0.297,0.813,0.388,-0.002,-0.577,0.387,-1.05,6
2015-06-01,0.2,0.241,-0.04,0.068,0.49,0.438,0.86,0.22,-0.006,-0.62,0.308,-1.218,6
2015-07-01,0.264,0.308,0.025,0.101,0.542,0.482,1.082,0.286,0.046,-0.777,0.467,-1.152,6
2015-08-01,0.264,0.303,0.024,0.089,0.53,0.419,1.141,0.364,0.068,-0.871,0.463,-1.074,6
2015-09-01,0.153,0.175,-0.087,-0.033,0.446,0.226,1.079,0.132,0.042,-0.987,0.424,-1.306,6
2015-10-01,0.18,0.207,-0.06,0.012,0.438,0.259,0.938,0.358,0.045,-1.066,0.545,-1.08,6
2015-11-01,0.14,0.16,-0.1,-0.045,0.394,0.079,0.805,0.691,0.037,-1.132,0.357,-0.747,6
2015-12-01,0.011,0.042,-0.228,-0.09,0.306,-0.18,0.519,0.142,-0.14,-0.782,0.511,-1.296,6
2016-01-01,0.042,0.05,-0.197,-0.017,0.346,0.002,0.255,0.007,0.007,-0.357,0.341,-1.431,6
2016-02-01,-0.073,-0.086,-0.312,-0.19,0.28,-0.355,0.132,-0.497,-0.005,-0.228,0.517,-1.935,6
2016-03-01,-0.157,-0.173,-0.396,-0.235,0.201,-0.476,0.005,-0.415,-0.074,-0.215,0.236,-1.853,6
2016-04-01,-0.319,-0.377,-0.559,-0.439,0.068,-0.761,-0.586,-0.566,-0.03,-0.251,0.278,-2.004,6
2016-05-01,-0.409,-0.485,-0.649,-0.501,-0.033,-0.843,-0.634,-0.573,-0.03,-0.423,0.048,-2.011,6
2016-06-01,-0.464,-0.497,-0.704,-0.545,-0.103,-0.869,-0.732,-0.359,-0.298,-0.467,-0.06,-1.797,6
2016-07-01,-0.364,-0.373,-0.604,-0.448,-0.012,-0.85,-0.524,-0.186,-0.323,-0.359,0.057,-1.624,6
2016-08-01,-0.247,-0.231,-0.487,-0.362,0.074,-0.687,-0.572,0.33,-0.328,-0.339,0.114,-1.108,6
2016-09-01,-0.181,-0.144,-0.421,-0.346,0.119,-0.682,-0.537,0.641,-0.368,-0.329,0.187,-0.797,6
2016-10-01,-0.076,0.017,-0.316,-0.229,0.215,-0.706,0.287,0.688,-0.544,-0.319,0.135,-0.75,6
2016-11-01,-0.072,0.01,-0.312,-0.179,0.235,-0.569,0.29,0.465,-0.482,-0.312,0.176,-0.973,6
2016-12-01,0.018,0.119,-0.221,-0.073,0.32,-0.266,0.385,0.475,-0.487,-0.267,0.269,-0.963,6
2017-01-01,0.04,0.147,-0.2,-0.149,0.339,-0.347,0.36,0.615,-0.495,-0.232,0.337,-0.823,6
2017-02-01,0.05,0.152,-0.189,-0.133,0.352,-0.293,0.331,0.565,-0.459,-0.231,0.389,-0.873,6
2017-03-01,0.042,0.137,-0.198,-0.127,0.321,-0.224,0.362,0.475,-0.435,-0.315,0.388,-0.964,6
2017-04-01,-0.009,0.122,-0.248,-0.128,0.281,-0.27,0.471,0.349,-0.66,-0.345,0.404,-1.089,6
2017-05-01,0.026,0.172,-0.214,-0.085,0.304,-0.279,0.573,0.463,-0.705,-0.339,0.442,-0.975,6
2017-06-01,0.148,0.327,-0.092,0.005,0.415,0.041,0.732,0.62,-0.749,-0.287,0.532,-0.819,6
2017-07-01,0.224,0.423,-0.016,0.081,0.485,0.154,0.863,0.735,-0.768,-0.232,0.592,-0.703,6
2017-08-01,0.244,0.44,0.004,0.08,0.505,0.363,0.714,0.734,-0.736,-0.228,0.616,-0.705,6
2017-09-01,0.235,0.434,-0.005,0.094,0.498,0.438,0.671,0.658,-0.759,-0.244,0.646,-0.78,6
2017-10-01,0.281,0.497,0.041,0.165,0.547,0.476,0.859,0.663,-0.798,-0.256,0.742,-0.775,6
2017-11-01,0.286,0.518,0.046,0.169,0.547,0.593,0.868,0.654,-0.877,-0.304,0.779,-0.784,6
2017-12-01,0.173,0.418,-0.066,0.057,0.44,0.443,0.709,0.497,-1.049,-0.313,0.753,-0.941,6
2018-01-01,0.104,0.365,-0.135,-0.12,0.399,0.421,0.33,0.393,-1.197,-0.172,0.851,-1.045,6
2018-02-01,0.122,0.381,-0.118,-0.083,0.422,0.613,0.254,0.314,-1.174,-0.104,0.828,-1.124,6
2018-03-01,0.144,0.407,-0.096,-0.092,0.439,0.681,0.218,0.408,-1.176,-0.116,0.846,-1.031,6
2018-04-01,-0.006,0.221,-0.245,-0.302,0.301,0.079,0.131,0.254,-1.139,-0.243,0.884,-1.184,6
2018-05-01,-0.063,0.139,-0.302,-0.386,0.271,-0.113,0.085,0.065,-1.07,-0.166,0.824,-1.373,6
2018-06-01,-0.153,0.011,-0.393,-0.444,0.219,-0.329,-0.178,-0.232,-0.975,0.058,0.738,-1.67,6
2018-07-01,-0.271,-0.08,-0.51,-0.481,0.111,-0.37,-0.242,-0.251,-1.225,0.022,0.443,-1.689,6
2018-08-01,-0.324,-0.165,-0.563,-0.511,0.101,-0.171,-0.339,-0.919,-1.117,-0.009,0.613,-2.357,6
2018-09-01,-0.639,-0.538,-0.879,-0.818,-0.198,-0.665,-0.626,-1.3,-1.141,-0.359,0.257,-2.738,6
2018-10-01,-0.799,-0.701,-0.996,-0.927,-0.316,-0.595,-0.773,-1.526,-1.288,-0.156,-0.454,-2.709,6
2018-11-01,-0.866,-0.761,-1.079,-1.034,-0.392,-0.954,-0.89,-1.322,-1.392,-0.026,-0.611,-2.6,6
2018-12-01,-0.833,-0.691,-1.073,-1.01,-0.36,-1.048,-0.893,-0.816,-1.543,0.052,-0.752,-2.254,6
2019-01-01,-0.835,-0.663,-1.075,-1.028,-0.375,-1.236,-1.006,-0.483,-1.694,0.129,-0.719,-1.921,6
2019-02-01,-0.742,-0.558,-0.981,-0.926,-0.272,-1.033,-1.0,-0.59,-1.66,0.179,-0.346,-2.028,6
2019-03-01,-0.883,-0.73,-1.123,-1.088,-0.385,-1.204,-1.056,-0.957,-1.65,0.137,-0.572,-2.395,6
2019-04-01,-0.97,-0.838,-1.21,-1.211,-0.458,-1.136,-1.209,-1.065,-1.632,0.236,-1.016,-2.503,6
2019-05-01,-0.914,-0.778,-1.154,-1.142,-0.443,-0.781,-1.181,-0.951,-1.593,0.228,-1.205,-2.389,6
2019-06-01,-0.854,-0.716,-1.093,-1.092,-0.388,-0.907,-1.091,-0.642,-1.544,0.339,-1.276,-2.08,6
2019-07-01,-0.692,-0.526,-0.931,-0.918,-0.227,-0.597,-0.756,-0.489,-1.523,0.441,-1.226,-1.927,6
2019-08-01,-0.92,-0.804,-1.059,-1.143,-0.381,-0.843,-0.822,-1.522,-1.499,0.197,-1.03,-2.357,6
2019-09-01,-1.151,-1.082,-1.293,-1.385,-0.562,-1.141,-0.878,-1.918,-1.497,0.015,-1.489,-2.767,6
2019-10-01,-1.058,-0.975,-1.198,-1.255,-0.465,-0.838,-0.717,-2.071,-1.475,-0.073,-1.175,-2.911,6
2019-11-01,-1.039,-0.956,-1.199,-1.238,-0.446,-1.06,-0.794,-1.986,-1.452,-0.042,-0.899,-2.95,6
2019-12-01,-0.95,-0.852,-1.138,-1.151,-0.405,-1.142,-0.889,-1.543,-1.438,0.059,-0.744,-2.674,6
2020-01-01,-0.87,-0.754,-1.077,-1.05,-0.325,-1.092,-0.875,-1.297,-1.45,0.032,-0.537,-2.537,6
2020-02-01,-0.86,-0.738,-1.068,-1.044,-0.335,-1.36,-0.706,-0.999,-1.47,0.058,-0.685,-2.244,6
2020-03-01,-1.079,-0.987,-1.29,-1.318,-0.619,-2.208,-0.767,-0.927,-1.539,0.117,-1.151,-2.192,6
2020-04-01,-1.403,-1.347,-1.536,-1.91,-0.872,-2.446,-1.394,-1.29,-1.684,0.016,-1.618,-2.092,6
2020-05-01,-1.496,-1.425,-1.614,-1.782,-0.932,-2.737,-1.55,-1.322,-1.854,-0.114,-1.401,-2.029,6
2020-06-01,-1.401,-1.281,-1.507,-1.673,-0.862,-2.476,-1.657,-1.247,-2.0,-0.041,-0.986,-1.885,6
2020-07-01,-1.381,-1.271,-1.492,-1.649,-0.84,-2.541,-1.632,-1.277,-1.931,-0.042,-0.864,-1.943,6
2020-08-01,-1.369,-1.234,-1.485,-1.605,-0.815,-2.253,-1.622,-1.398,-2.044,-0.188,-0.709,-2.096,6
2020-09-01,-1.283,-1.137,-1.404,-1.48,-0.723,-2.027,-1.469,-1.443,-2.013,-0.294,-0.45,-2.174,6
2020-10-01,-1.268,-1.159,-1.378,-1.437,-0.679,-1.905,-1.273,-1.757,-1.813,-0.434,-0.428,-2.413,6
2020-11-01,-1.202,-1.088,-1.308,-1.376,-0.597,-1.596,-1.206,-1.836,-1.773,-0.471,-0.33,-2.474,6
2020-12-01,-1.057,-0.981,-1.184,-1.245,-0.478,-1.204,-1.174,-1.863,-1.435,-0.466,-0.199,-2.626,6
2021-01-01,-0.928,-0.9,-1.059,-1.073,-0.366,-0.78,-1.175,-1.881,-1.071,-0.455,-0.208,-2.664,6
2021-02-01,-0.893,-0.872,-1.059,-1.046,-0.345,-0.964,-1.115,-1.725,-0.998,-0.428,-0.129,-2.718,6
2021-03-01,-0.653,-0.61,-0.834,-0.817,-0.091,0.165,-0.942,-1.736,-0.867,-0.356,-0.182,-2.822,6
2021-04-01,-0.424,-0.378,-0.603,-0.733,0.095,1.121,-0.555,-1.75,-0.656,-0.321,-0.383,-2.826,6
2021-05-01,-0.372,-0.346,-0.551,-0.706,0.197,1.303,-0.448,-1.717,-0.499,-0.382,-0.487,-2.793,6
2021-06-01,-0.347,-0.338,-0.53,-0.635,0.22,1.092,-0.334,-1.485,-0.395,-0.42,-0.542,-2.581,6
2021-07-01,-0.274,-0.256,-0.454,-0.524,0.287,0.977,0.106,-1.359,-0.364,-0.388,-0.615,-2.44,6
2021-08-01,-0.222,-0.202,-0.398,-0.46,0.334,0.968,0.256,-1.271,-0.324,-0.311,-0.651,-2.328,6
2021-09-01,-0.207,-0.197,-0.367,-0.454,0.355,1.027,0.481,-1.412,-0.257,-0.374,-0.705,-2.376,6
2021-10-01,-0.317,-0.318,-0.454,-0.521,0.254,0.595,0.703,-1.624,-0.314,-0.468,-0.793,-2.444,6
2021-11-01,-0.347,-0.346,-0.455,-0.592,0.239,0.682,0.88,-1.805,-0.352,-0.623,-0.863,-2.452,6
2021-12-01,-0.3,-0.294,-0.393,-0.581,0.264,1.108,0.896,-1.929,-0.326,-0.681,-0.865,-2.49,6
2022-01-01,-0.42,-0.402,-0.515,-0.695,0.156,0.504,0.96,-1.963,-0.507,-0.729,-0.782,-2.537,6
2022-02-01,-0.391,-0.374,-0.494,-0.658,0.198,0.946,0.833,-2.199,-0.476,-0.732,-0.718,-2.819,6
2022-03-01,-0.493,-0.505,-0.555,-0.769,0.123,0.488,0.888,-2.628,-0.432,-0.587,-0.685,-3.0,6
2022-04-01,-0.468,-0.484,-0.484,-0.724,0.148,0.787,0.808,-2.908,-0.393,-0.578,-0.528,-3.0,6
2022-05-01,-0.501,-0.531,-0.508,-0.796,0.108,0.614,0.977,-2.953,-0.348,-0.714,-0.579,-3.0,6
2022-06-01,-0.469,-0.494,-0.507,-0.767,0.101,0.84,1.019,-2.771,-0.346,-0.821,-0.735,-3.0,6
2022-07-01,-0.674,-0.738,-0.683,-0.981,-0.154,0.551,0.862,-2.943,-0.352,-1.001,-1.159,-3.0,6
2022-08-01,-0.707,-0.763,-0.707,-1.017,-0.212,0.306,0.844,-3.0,-0.429,-1.06,-0.903,-3.0,6
2022-09-01,-0.711,-0.791,-0.711,-1.05,-0.23,0.145,0.832,-3.0,-0.314,-1.111,-0.82,-3.0,6
2022-10-01,-0.742,-0.848,-0.742,-1.081,-0.248,-0.03,0.9,-3.0,-0.213,-1.115,-0.997,-3.0,6
2022-11-01,-0.776,-0.848,-0.792,-1.122,-0.263,-0.203,0.956,-2.903,-0.411,-1.082,-1.01,-3.0,6
2022-12-01,-0.759,-0.79,-0.797,-1.122,-0.239,-0.366,1.06,-2.77,-0.603,-0.965,-0.908,-3.0,6
2023-01-01,-0.797,-0.804,-0.842,-1.121,-0.278,-0.266,0.826,-2.729,-0.76,-0.981,-0.869,-3.0,6
2023-02-01,-0.891,-0.889,-0.9,-1.232,-0.372,-0.302,0.813,-2.948,-0.904,-1.015,-0.993,-3.0,6
2023-03-01,-0.878,-0.876,-0.878,-1.305,-0.402,-0.085,0.989,-3.0,-0.887,-1.05,-1.235,-3.0,6
2023-04-01,-1.025,-1.067,-1.025,-1.677,-0.63,-0.521,0.99,-3.0,-0.814,-1.096,-1.706,-3.0,6
2023-05-01,-1.035,-1.048,-1.035,-1.824,-0.642,-0.586,0.985,-3.0,-0.971,-1.143,-1.496,-3.0,6
2023-06-01,-0.974,-0.999,-0.974,-1.682,-0.568,-0.611,0.987,-3.0,-0.847,-1.185,-1.185,-3.0,6
2023-07-01,-0.818,-0.787,-0.818,-1.449,-0.381,-0.225,1.449,-3.0,-0.972,-1.199,-0.96,-3.0,6
2023-08-01,-0.847,-0.836,-0.847,-1.782,-0.417,-0.042,1.05,-3.0,-0.907,-1.005,-1.18,-3.0,6
2023-09-01,-0.805,-0.805,-0.805,-1.833,-0.366,0.001,0.943,-3.0,-0.807,-1.1,-0.868,-3.0,6
2023-10-01,-0.869,-0.909,-0.869,-2.036,-0.443,-0.113,0.959,-3.0,-0.669,-1.365,-1.027,-3.0,6
2023-11-01,-0.959,-1.024,-0.959,-2.243,-0.55,-0.335,0.611,-3.0,-0.629,-1.53,-0.869,-3.0,6
2023-12-01,-1.116,-1.209,-1.116,-2.51,-0.739,-0.972,-0.375,-3.0,-0.651,-0.861,-0.837,-3.0,6
2024-01-01,-1.284,-1.375,-1.284,-2.803,-0.941,-1.004,-0.892,-3.0,-0.833,-0.875,-1.102,-3.0,6
2024-02-01,-1.294,-1.394,-1.294,-2.661,-0.951,-0.936,-0.878,-3.0,-0.798,-0.579,-1.576,-3.0,6
2024-03-01,-1.219,-1.343,-1.219,-2.175,-0.844,-1.145,-1.097,-3.0,-0.599,-0.416,-1.055,-3.0,6
2024-04-01,-1.214,-1.374,-1.214,-1.754,-0.764,-1.329,-0.967,-3.0,-0.41,-0.489,-1.087,-3.0,6
2024-05-01,-1.268,-1.461,-1.268,-1.495,-0.692,-1.289,-0.817,-3.0,-0.301,-0.542,-1.657,-3.0,6
2024-06-01,-1.217,-1.435,-1.231,-1.435,-0.544,-1.267,-0.79,-2.916,-0.126,-0.67,-1.535,-3.0,6
2024-07-01,-0.989,-1.144,-1.086,-1.144,-0.342,-0.941,-0.764,-2.285,-0.21,-0.748,-0.984,-2.868,6
2024-08-01,-0.744,-0.858,-0.912,-0.858,-0.158,-0.817,-0.558,-1.859,-0.175,-0.642,-0.415,-2.867,6
2024-09-01,-0.619,-0.732,-0.818,-0.732,-0.073,-0.841,-0.482,-1.528,-0.054,-0.582,-0.224,-2.723,6
2024-10-01,-0.451,-0.556,-0.691,-0.556,0.043,-0.58,-0.305,-1.052,0.073,-0.534,-0.309,-2.491,6
2024-11-01,-0.212,-0.278,-0.452,-0.278,0.227,-0.272,-0.122,-0.526,0.115,-0.478,0.008,-1.964,6
2024-12-01,0.116,0.089,-0.123,0.033,0.515,0.158,0.47,-0.233,0.254,-0.482,0.531,-1.671,6
2025-01-01,0.166,0.145,-0.074,0.084,0.536,0.259,0.393,0.058,0.27,-0.56,0.574,-1.38,6
2025-02-01,0.251,0.235,0.011,0.153,0.612,0.488,0.456,0.044,0.33,-0.552,0.741,-1.394,6
2025-03-01,0.131,0.083,-0.108,-0.004,0.514,0.055,0.421,-0.222,0.374,-0.647,0.806,-1.66,6
2025-04-01,0.189,0.143,-0.05,0.08,0.588,0.404,0.431,-0.398,0.422,-0.458,0.735,-1.836,6
2025-05-01,0.238,0.196,-0.002,0.164,0.588,0.355,0.366,0.029,0.448,-0.38,0.609,-1.409,6
2025-06-01,0.27,0.225,0.03,0.191,0.604,0.171,0.306,0.312,0.491,-0.326,0.663,-1.126,6
2025-07-01,0.309,0.274,0.069,0.23,0.63,0.14,0.367,0.411,0.481,-0.247,0.7,-1.027,6
2025-08-01,0.231,0.182,-0.008,0.182,0.552,0.159,0.348,0.373,0.476,-0.178,0.211,-1.065,6
2025-09-01,0.205,0.147,-0.035,0.147,0.542,0.266,0.24,0.254,0.49,-0.138,0.114,-1.184,6
2025-10-01,0.135,0.061,-0.105,0.061,0.467,0.215,-0.012,0.26,0.503,-0.208,0.049,-1.178,6
2025-11-01,0.144,0.082,-0.096,0.068,0.483,0.066,-0.114,0.169,0.457,-0.238,0.525,-1.269,6
2025-12-01,0.191,0.144,-0.049,0.088,0.52,0.338,-0.197,0.121,0.425,-0.248,0.708,-1.318,6
2026-01-01,0.058,-0.013,-0.182,-0.02,0.405,0.026,-0.281,-0.003,0.413,-0.255,0.448,-1.441,6
2026-02-01,-0.077,-0.168,-0.316,-0.179,0.284,-0.45,-0.397,-0.134,0.379,-0.294,0.437,-1.572,6
2026-03-01,0.0,-0.078,-0.24,-0.106,0.367,0.094,-0.372,-0.29,0.389,-0.354,0.532,-1.728,6
2026-04-01,-0.03,-0.116,-0.269,-0.154,0.343,-0.199,-0.36,-0.273,0.4,-0.338,0.592,-1.711,6
2026-05-01,-0.029,-0.11,-0.269,-0.139,0.34,-0.245,-0.436,-0.124,0.377,-0.27,0.523,-1.562,6
2026-06-01,0.04,-0.025,-0.2,-0.057,0.39,-0.164,-0.384,0.13,0.364,-0.23,0.524,-1.308,6
2026-07-01,-0.021,-0.089,-0.261,-0.141,0.332,-0.667,-0.371,0.221,0.317,-0.205,0.578,-1.217,6
2026-08-01,-0.01,-0.079,-0.25,-0.111,0.337,-0.659,-0.371,0.332,0.332,-0.191,0.496,-1.106,6
