fecha,emae_desest,sipa_asal_priv,salario_registrado,desocupacion,expo_usd,impo_usd,pib_nominal_anualizado,reservas_usd,a3500,badlar,prestamos_privados,rem_12m,inflacion_mensual,itcrm,riesgo_pais,ccl
2003-01-01,,,,0.204,2194.600115,798.965113,,9326.0,3.258186,13.923295,34037.272727,,1.3,158.165232,6067.190476,
2003-02-01,,,,0.204,2128.348099,776.897236,,10288.0,3.163165,16.85,33482.35,,0.6,151.889785,6264.9,
2003-03-01,,,,0.204,2252.140654,933.671292,,10517.0,3.074725,19.9375,32436.1,,0.6,149.254814,6686.714286,
2003-04-01,,,,0.178,2458.771586,1109.900313,,10971.0,2.894605,17.46875,31540.7,,0.1,145.642745,5525.380952,
2003-05-01,,,,0.178,3122.970139,1085.073495,,11374.0,2.835671,10.330357,31117.571429,,-0.4,148.789716,5265.772727,
2003-06-01,,,,0.178,2874.302247,1149.080471,,12183.0,2.80885,9.121875,30795.35,,-0.1,149.135248,4726.142857,
2003-07-01,,,,0.16147,2835.561342,1259.782508,,13485.0,2.801286,4.076705,30411.727273,,0.4,147.420165,4805.173913,
2003-08-01,,,,0.16147,2346.896698,1135.068814,,13584.0,2.92849,2.809375,30299.75,,0.0,151.223407,5040.0,
2003-09-01,,,,0.16147,2368.509313,1318.22355,,13406.0,2.920945,3.113636,30465.545455,,0.0,153.282106,5023.681818,
2003-10-01,,,,0.144472,2441.194198,1439.599106,,12902.0,2.85905,3.28125,30376.636364,,0.6,152.742122,5480.478261,
2003-11-01,,,,0.144472,2453.730904,1336.225802,,13483.0,2.883921,3.5,30507.210526,,0.2,153.658156,6195.4,
2003-12-01,,,,0.144472,2461.72732,1508.286436,,14119.0,2.960624,2.747024,30918.952381,,0.2,159.827209,5775.681818,
2004-01-01,98.531812,,,0.142769,2322.450679,1608.575067,,14920.0,2.892843,1.85119,30577.47619,7.5,0.4,159.602847,5570.52381,
2004-02-01,98.027042,,,0.142769,2395.035139,1363.731431,,15003.0,2.93192,1.571875,30677.65,7.0,0.1,160.334605,5690.35,
2004-03-01,97.518329,,,0.142769,2657.573743,1690.058163,,15003.0,2.897565,1.505435,31021.173913,7.1,0.6,157.197028,5620.130435,
2004-04-01,95.453674,,,0.146535,3039.747864,1650.876869,,15763.0,2.835916,1.651316,31409.315789,7.4,0.9,152.185463,4675.047619,
2004-05-01,96.923205,,,0.146535,3394.395773,1792.15734,,16705.0,2.919675,3.2375,32130.5,7.6,0.7,152.54144,4886.52381,
2004-06-01,98.513785,,,0.146535,2950.695035,2039.339799,,17443.0,2.960257,2.982143,33298.809524,7.5,0.6,154.348292,5023.954545,
2004-07-01,100.926817,,,0.131313,3034.288112,1969.827469,,18068.0,2.955214,3.199405,34205.380952,7.4,0.5,155.774641,5025.454545,
2004-08-01,102.100184,,,0.131313,2944.953517,2031.629332,,18076.0,3.013581,4.190476,35154.761905,7.4,0.3,159.404912,5198.0,
2004-09-01,102.315416,,,0.131313,3001.937097,2025.221298,,18224.0,2.996014,4.446023,35887.227273,7.3,0.6,160.292085,5420.136364,
2004-10-01,103.237894,,,0.120219,2830.652208,1972.50071,,18587.0,2.96918,4.38125,36957.3,7.1,0.4,160.416496,5391.285714,
2004-11-01,103.429628,,,0.120219,3041.861773,2192.617922,,18944.0,2.954636,4.122159,37758.909091,6.8,0.0,162.892518,5208.272727,
2004-12-01,103.022215,,,0.120219,2962.142762,2108.745995,,19646.0,2.970918,4.011364,38909.636364,6.6,0.8,166.928823,4937.608696,
2005-01-01,105.852711,,,0.129185,2781.105834,1901.013368,,20137.0,2.946029,3.214286,39394.380952,,1.5,164.014065,4989.904762,
2005-02-01,105.97358,,,0.129185,2606.256268,1867.287144,,20792.0,2.915345,2.925,39892.5,7.0,0.9,162.790249,5031.55,
2005-03-01,106.82368,,,0.129185,3054.434593,2197.568086,,20339.0,2.926552,3.029762,40593.0,8.3,1.5,159.965827,5100.5,
2005-04-01,108.096606,,,0.119645,3560.857241,2379.914676,,20904.0,2.900414,3.970238,41729.47619,8.8,0.5,159.690397,5794.238095,
2005-05-01,108.982703,,,0.119645,3695.289604,2475.966974,,22103.0,2.890948,4.943452,42910.428571,8.6,0.6,161.15197,6306.818182,
2005-06-01,108.59606,,,0.119645,3450.194061,2723.616025,,23052.0,2.88359,5.285714,44295.428571,8.3,0.9,159.056847,2961.5,
2005-07-01,109.163389,,,0.111218,3601.002091,2349.035213,,25105.0,2.869567,5.946429,45753.714286,9.7,1.0,157.881721,426.285714,
2005-08-01,109.30961,,,0.111218,3837.365402,2625.668765,,25252.0,2.888018,5.323864,46889.454545,9.6,0.4,160.027079,418.782609,
2005-09-01,109.272602,,,0.111218,3482.929591,2468.084267,,25614.0,2.911714,5.784091,48076.409091,9.6,1.2,162.331412,396.545455,
2005-10-01,109.993435,,,0.100355,3398.857098,2502.677288,,26548.0,2.966045,6.096875,49129.0,10.8,0.8,164.507106,390.809524,
2005-11-01,111.146786,,,0.100355,3273.907216,2701.127099,,26525.0,2.967218,6.778409,50882.181818,12.0,1.2,163.579974,379.636364,
2005-12-01,113.008757,,,0.100355,3644.568092,2494.934538,,28077.0,3.015227,7.482143,52934.428571,12.5,1.1,163.521417,493.695652,
2006-01-01,113.879678,,,0.113083,3187.531177,2323.638112,643562.379587,19689.0,3.046036,8.21875,54358.272727,12.3,1.3,164.936099,459.772727,
2006-02-01,114.594191,,,0.113083,3089.947949,2326.038661,643562.379587,20532.0,3.068905,7.378125,55256.65,12.4,0.4,167.818456,381.3,
2006-03-01,114.415861,,,0.113083,3647.990741,2722.105671,643562.379587,21549.0,3.076327,8.210227,56468.909091,12.2,1.2,167.684931,348.913043,
2006-04-01,115.871476,,,0.103249,3925.341341,2545.466974,727989.187265,22400.0,3.066267,9.0,57888.277778,12.1,1.0,167.259436,331.473684,
2006-05-01,115.013493,,,0.103249,4181.28525,2825.927528,727989.187265,24162.0,3.053481,8.946429,59817.809524,12.0,0.5,166.470055,343.0,
2006-06-01,116.322615,,,0.103249,3847.778902,2859.179374,727989.187265,25490.0,3.081267,8.901786,62229.0,11.5,0.5,164.329492,382.727273,
2006-07-01,118.090341,,,0.100946,3816.863287,2852.366353,729299.498006,26223.0,3.081962,9.166667,64128.428571,11.2,0.6,165.708614,361.761905,
2006-08-01,118.765397,,,0.100946,4246.164905,3280.79365,729299.498006,27397.0,3.078973,9.460227,65901.545455,10.3,0.6,166.251818,324.826087,
2006-09-01,119.832349,,,0.100946,4048.108245,3169.427338,729299.498006,28048.0,3.100071,9.452381,68061.095238,10.3,0.9,165.899991,331.095238,
2006-10-01,120.484819,,,0.086244,4203.734877,3255.114048,762766.022079,29082.0,3.098476,9.470238,70562.761905,10.1,0.9,164.771118,302.045455,
2006-11-01,120.796966,,,0.086244,4110.081663,3237.230204,762766.022079,30328.0,3.075738,9.589286,72866.285714,10.0,0.7,163.151322,291.086957,
2006-12-01,123.266228,,,0.086244,4241.374428,2756.394597,762766.022079,32037.0,3.060268,9.796053,74943.578947,10.3,1.0,162.747509,249.85,
2007-01-01,122.224604,,,0.096893,3389.549992,2951.042255,774387.78784,33739.0,3.085041,9.198864,76420.909091,10.2,1.1,162.302242,202.181818,
2007-02-01,124.44234,,,0.096893,3587.338086,2790.781213,774387.78784,34936.0,3.102625,7.946875,77819.35,10.1,0.3,163.753704,207.2,
2007-03-01,126.495369,,,0.096893,4172.585854,3422.110196,774387.78784,36849.0,3.101041,8.286932,79676.818182,9.7,0.8,163.721118,219.545455,
2007-04-01,125.374739,,,0.082878,4298.555498,3060.898246,904350.388096,38606.0,3.089056,7.885417,81753.333333,9.9,0.7,163.762341,234.55,
2007-05-01,127.217179,,,0.082878,4855.844753,3542.115788,904350.388096,40581.0,3.080014,7.651786,83716.285714,9.9,0.4,162.0674,277.347826,
2007-06-01,128.544845,,,0.082878,4521.093598,3578.938743,904350.388096,43157.0,3.079265,7.903125,85989.05,9.9,0.4,159.998903,290.47619,
2007-07-01,127.553926,,,0.081,4614.247397,4125.808592,914103.967401,44202.0,3.111629,8.607143,89350.857143,10.0,0.5,160.710344,353.590909,
2007-08-01,128.925737,,,0.081,4921.641043,4606.396253,914103.967401,43160.0,3.152359,10.5,92366.727273,10.2,0.6,156.562631,460.913043,
2007-09-01,129.609689,,,0.081,4827.809137,3963.060971,914103.967401,42891.0,3.147455,12.8625,95623.15,10.3,0.8,155.412694,427.0,
2007-10-01,131.259475,,,0.075225,5580.779717,4400.477684,995078.552952,43000.0,3.160445,12.565341,98809.681818,10.4,0.7,158.294316,371.73913,
2007-11-01,132.84291,,,0.075225,5424.214016,4384.499827,995078.552952,44860.0,3.135914,13.729167,102092.809524,10.0,0.9,159.233072,397.15,
2007-12-01,133.970591,,,0.075225,5786.649494,3881.333626,995078.552952,46166.0,3.13965,13.538194,105220.166667,9.8,0.9,159.11018,394.25,
2008-01-01,135.393655,,,0.083106,5818.328266,4478.526454,1032356.873256,47660.0,3.144418,10.235795,108851.909091,10.0,0.9,159.273404,443.285714,
2008-02-01,133.269635,,,0.083106,5225.658046,4209.776815,1032356.873256,49261.0,3.158314,8.324405,110296.714286,9.5,0.5,159.44734,476.55,
2008-03-01,133.333803,,,0.083106,4990.844421,4163.396833,1032356.873256,50464.0,3.155839,8.5,111769.777778,9.5,1.1,159.142951,528.9,
2008-04-01,135.566785,,,0.079541,5845.656353,4929.573444,1213883.41099,50247.0,3.166543,8.714286,115134.952381,9.6,0.8,156.144035,555.590909,
2008-05-01,135.017671,,,0.079541,6240.288926,5200.464705,1213883.41099,48588.0,3.1511,13.220238,118940.047619,9.5,0.6,153.656515,552.761905,
2008-06-01,133.432866,,,0.079541,5407.031527,5195.99174,1213883.41099,47516.0,3.04335,17.40625,119702.1,9.6,0.6,148.509595,561.761905,
2008-07-01,135.264238,,,0.077749,7010.518237,6046.826994,1183692.26971,47545.0,3.022345,14.647727,120883.409091,9.5,0.4,146.989733,626.590909,
2008-08-01,135.810636,,,0.077749,7366.70028,5158.747082,1183692.26971,47090.0,3.033275,12.259375,122472.15,9.5,0.5,143.61354,668.428571,
2008-09-01,135.777823,,,0.077749,6918.725595,5310.894733,1183692.26971,47121.0,3.082364,12.1875,125076.409091,9.4,0.5,137.353224,798.714286,
2008-10-01,132.770077,,,0.072786,6061.192408,5128.958392,1168651.808379,44941.0,3.238523,16.724432,128597.863636,8.9,0.4,128.226412,1487.909091,
2008-11-01,130.371408,,,0.072786,4902.924955,4182.293451,1168651.808379,46072.0,3.329174,21.217105,129087.526316,8.9,0.3,127.537452,1789.888889,
2008-12-01,124.871771,,,0.072786,4230.97042,3457.001713,1168651.808379,46386.0,3.422633,19.074405,129724.0,7.8,0.3,129.132336,1828.772727,
2009-01-01,124.641143,,,0.08361,3714.721796,2760.065624,1112307.488323,47009.0,3.464014,15.598214,129501.238095,7.2,0.5,131.183853,1573.55,
2009-02-01,126.050898,,,0.08361,3944.762991,2663.27301,1112307.488323,47025.0,3.511515,11.975,130025.05,7.0,0.4,131.355009,1646.526316,
2009-03-01,123.292752,,,0.08361,4263.706915,2888.355931,1112307.488323,46509.0,3.653971,12.255952,131823.428571,6.9,0.6,135.849403,1862.954545,
2009-04-01,121.794513,,,0.087392,5052.296555,2776.621325,1251464.727937,46368.0,3.693374,12.753289,132331.0,7.0,0.3,137.746008,1786.380952,
2009-05-01,121.191736,,,0.087392,5203.363115,2660.005432,1251464.727937,46545.0,3.724474,12.815789,133634.578947,6.5,0.3,142.547501,1456.4,
2009-06-01,122.440874,,,0.087392,5211.301893,3618.927572,1251464.727937,46026.0,3.768133,12.940476,135199.047619,6.5,0.4,147.689729,1138.681818,
2009-07-01,124.863073,,,0.090875,4924.716174,3588.913261,1269734.745269,46047.0,3.809733,13.03869,135486.238095,6.7,0.6,149.166307,1038.681818,
2009-08-01,126.737717,,,0.090875,4351.908532,3255.18472,1269734.745269,45021.0,3.839175,12.728125,134976.0,6.8,0.8,151.693456,900.333333,
2009-09-01,128.104497,,,0.090875,4530.722965,3665.917255,1269734.745269,45348.0,3.842368,12.230114,135072.136364,7.2,0.7,151.149233,820.52381,
2009-10-01,129.367366,,,0.083722,4807.726722,3656.236964,1358210.114174,46277.0,3.82621,11.78869,135996.714286,7.3,0.8,151.55156,708.761905,
2009-11-01,129.753278,,,0.083722,4872.384003,3651.185366,1358210.114174,47072.0,3.81095,10.665625,137278.8,7.4,0.8,150.459085,725.631579,
2009-12-01,127.894013,,,0.083722,4794.484975,3601.582881,1358210.114174,47967.0,3.807019,9.815476,140392.142857,8.7,0.9,146.279067,720.045455,
2010-01-01,131.984388,,,0.083,4408.157987,3209.192846,1418857.949966,48129.0,3.804155,9.8625,141900.75,8.9,1.0,141.431274,711.684211,
2010-02-01,132.986954,,,0.083,3958.948565,3455.071079,1418857.949966,47758.0,3.851235,9.5375,142484.45,9.7,1.2,135.747241,790.368421,
2010-03-01,133.849974,,,0.083,4687.495265,4402.854081,1418857.949966,47460.0,3.862741,9.431818,144772.636364,10.5,1.1,133.741278,704.26087,
2010-04-01,136.929961,,,0.079,6208.021782,4101.005445,1686066.954459,48067.0,3.87607,9.253125,149850.75,11.5,0.8,132.617868,629.904762,
2010-05-01,139.167109,,,0.079,6502.822668,4575.378314,1686066.954459,49000.0,3.901974,9.378289,154400.684211,12.0,0.7,128.20503,766.2,
2010-06-01,140.54864,,,0.079,6369.262842,5151.025017,1686066.954459,49240.0,3.926486,10.142857,157978.047619,11.2,0.7,126.606277,803.272727,
2010-07-01,139.466981,,,0.075,5983.8041,5290.5047,1712834.548936,51073.0,3.934824,10.306548,161789.761905,11.1,0.8,127.962751,747.52381,
2010-08-01,139.842654,,,0.075,6382.989202,5355.477889,1712834.548936,50348.0,3.93761,10.464286,166014.857143,11.1,0.7,127.724267,698.772727,
2010-09-01,139.453486,,,0.075,6374.983827,5336.943979,1712834.548936,51125.0,3.951891,10.551136,170838.227273,11.6,0.7,128.705697,687.761905,
2010-10-01,140.272905,,,0.073,5898.597802,4950.865171,1829124.250416,51918.0,3.956984,10.697368,177778.578947,11.3,0.8,129.493409,599.9,
2010-11-01,142.091535,,,0.073,5915.330075,5575.504155,1829124.250416,51896.0,3.9676,10.8125,183962.142857,12.0,0.7,126.012289,532.45,
2010-12-01,142.039122,,,0.073,5484.032935,5388.755395,1829124.250416,52145.0,3.977625,11.11875,192360.15,12.2,0.8,124.50317,507.727273,
2011-01-01,145.915953,,,0.074,5185.123545,4889.206851,1888827.151848,52618.0,3.98131,11.089286,198614.428571,12.0,0.7,124.612874,484.2,
2011-02-01,143.778672,,,0.074,5398.023315,4764.293086,1888827.151848,52318.0,4.02196,11.071875,203316.55,12.5,0.7,126.453686,541.736842,
2011-03-01,144.864783,,,0.074,6098.108154,5641.593167,1888827.151848,51298.0,4.037232,11.161184,208074.157895,11.7,0.8,126.527278,566.130435,
2011-04-01,144.986994,,,0.073,7042.872555,5532.902201,2237123.835413,52011.0,4.065479,11.177632,214076.421053,12.0,0.8,128.228404,533.05,
2011-05-01,147.02982,,,0.073,7932.877811,6489.8352,2237123.835413,52060.0,4.083886,11.22619,221651.666667,12.0,0.7,125.845977,580.809524,
2011-06-01,146.91454,,,0.073,7816.976004,6704.550251,2237123.835413,51695.0,4.096,11.276786,230088.857143,11.5,0.7,125.294923,604.681818,
2011-07-01,147.21309,,,0.072,7225.604538,6858.544756,2250487.263792,51923.0,4.127624,11.630952,241635.571429,11.7,0.8,125.573085,595.05,
2011-08-01,146.820142,,,0.072,8328.46102,7671.060058,2250487.263792,49990.0,4.167968,12.363636,249599.318182,11.4,0.8,123.520601,719.043478,
2011-09-01,148.337476,,,0.072,7718.197659,6888.513345,2250487.263792,48590.0,4.204209,13.0625,261514.454545,11.5,0.8,116.655577,877.857143,
2011-10-01,147.218615,,,0.067,7435.417991,6303.01564,2339658.163473,47523.0,4.222125,17.64375,271339.95,11.1,0.6,114.094661,904.8,
2011-11-01,147.182271,,,0.067,6493.166028,6229.756678,2339658.163473,46062.0,4.260114,19.940476,279005.380952,11.0,0.6,113.082289,892.7,
2011-12-01,147.954918,,,0.067,6306.262662,5987.404476,2339658.163473,46376.0,4.288789,18.766447,285229.421053,11.3,0.8,110.414592,926.857143,
2012-01-01,147.627624,6068.209,,0.071,5399.283104,5363.752327,2345559.603351,46594.0,4.320624,15.934524,290099.190476,11.0,0.9,111.102804,850.95,
2012-02-01,144.779877,6061.965,,0.071,6004.528607,4724.98384,2345559.603351,46668.0,4.346294,14.201389,293895.888889,10.8,0.7,113.810707,822.45,
2012-03-01,145.424298,6072.365,,0.071,6199.971772,5146.509638,2345559.603351,47291.0,4.356314,12.877841,298695.409091,11.8,0.9,109.801586,823.227273,
2012-04-01,141.937887,6055.316,,0.072,6714.955812,4769.812977,2651098.046386,47844.0,4.397776,12.180147,302528.117647,11.8,0.8,106.901824,967.05,
2012-05-01,140.203581,6065.676,,0.072,7080.828075,5987.101228,2651098.046386,46978.0,4.450376,11.696429,307934.238095,11.1,0.8,102.625183,1089.363636,
2012-06-01,140.838459,6065.259,,0.072,6822.17083,6033.50457,2651098.046386,46348.0,4.497755,12.121875,315412.15,11.3,0.7,100.266827,1128.619048,
2012-07-01,144.65034,6063.101,,0.076,7655.114773,6344.877498,2704827.549853,46818.0,4.55281,13.196429,323094.857143,11.3,0.8,100.095352,1091.809524,
2012-08-01,145.190913,6059.919,,0.076,7451.1029,6276.432745,2704827.549853,45152.0,4.609827,13.946023,330364.636364,10.0,0.9,100.462645,1039.086957,
2012-09-01,146.202235,6058.604,,0.076,6803.127698,5854.62748,2704827.549853,45010.0,4.669895,14.279605,338004.736842,10.0,0.9,101.528392,916.578947,
2012-10-01,146.943282,6063.356,,0.069,6889.209249,6256.612371,2850170.193267,45274.0,4.72985,14.928977,344639.681818,,0.8,101.80861,888.666667,
2012-11-01,147.094547,6069.015,,0.069,6649.426637,5779.470818,2850170.193267,45238.0,4.79739,15.28125,355889.75,,0.9,100.650271,1197.2,
2012-12-01,149.277531,6090.802,,0.069,6312.668432,5436.529039,2850170.193267,43290.0,4.880021,15.388158,369185.105263,,1.0,101.379994,1036.95,
2013-01-01,145.845742,6090.399,,0.079,5383.033031,5358.225541,2888980.859071,42531.0,4.94861,15.139881,378932.047619,,1.1,102.519037,1057.666667,7.211667
2013-02-01,148.713026,6098.033,,0.079,4905.873066,5174.748715,2888980.859071,41609.0,5.011082,14.764706,385063.529412,,0.5,103.480376,1114.473684,7.738929
2013-03-01,148.79467,6105.483,,0.079,6159.950756,5619.179678,2888980.859071,40446.0,5.083963,14.851974,389379.421053,,0.7,102.675382,1206.75,8.322581
2013-04-01,148.414911,6115.479,,0.072,6895.390593,6193.458199,3387810.912052,39532.0,5.155505,15.13125,397470.3,,0.7,102.193108,1222.954545,8.756667
2013-05-01,148.500264,6109.269,,0.072,8393.245179,7028.089148,3387810.912052,38551.0,5.239855,15.798295,407930.181818,,0.7,101.313546,1174.181818,8.949677
2013-06-01,149.148146,6103.301,,0.072,7483.393205,6642.805782,3387810.912052,37005.0,5.3292,16.572917,416470.888889,,0.8,99.061375,1203.85,8.100333
2013-07-01,148.048984,6110.298,,0.068,6930.656704,6988.155311,3436546.546381,37049.0,5.440877,17.284091,427262.045455,,0.9,97.283229,1137.954545,8.182903
2013-08-01,150.243308,6124.671,,0.068,7199.536885,7073.898031,3436546.546381,36678.0,5.581367,17.723214,437148.857143,,0.8,96.860669,1067.545455,8.526129
2013-09-01,150.198975,6115.526,,0.068,6544.80737,6028.932045,3436546.546381,34741.0,5.737124,18.110119,448975.952381,,0.8,98.923598,1063.6,9.026667
2013-10-01,148.820531,6116.75,,0.064,6026.976189,6830.958823,3679895.635407,33232.0,5.848195,18.806818,461043.5,,0.9,100.526619,927.5,9.111935
2013-11-01,148.187516,6126.717,,0.064,5089.563406,6091.646074,3679895.635407,30799.0,6.014937,19.095395,471480.0,,0.9,98.566865,820.578947,9.102333
2013-12-01,147.111238,6122.737,,0.064,4950.554977,5411.702748,3679895.635407,30600.0,6.319179,20.240132,484657.947368,,1.4,101.029397,803.666667,8.515161
2014-01-01,145.631178,6115.614,,0.071,4275.0,5649.0,3917648.861173,27748.0,7.096727,21.928977,500729.0,,3.6,108.181121,931.571429,9.843226
2014-02-01,146.560582,6109.524,,0.071,4648.0,5537.0,3917648.861173,27546.0,7.85653,25.621875,509333.35,,3.4,114.798528,970.842105,11.061429
2014-03-01,145.407229,6090.465,,0.071,4913.0,5390.0,3917648.861173,27007.0,7.9313,26.236111,508825.666667,,2.6,112.158157,879.952381,10.242903
2014-04-01,145.033734,6095.156,,0.071,6479.0,5656.0,4702629.524922,28220.0,8.001253,26.282895,510124.631579,,1.8,111.610902,787.666667,9.743
2014-05-01,145.349116,6104.181,,0.071,7179.0,5777.0,4702629.524922,28542.0,8.042665,24.684375,515993.95,,1.4,109.796939,798.0,10.336774
2014-06-01,144.535808,6110.338,,0.071,7204.0,5848.0,4702629.524922,29278.0,8.125515,23.08125,522071.35,,1.3,108.453025,763.0,10.464
2014-07-01,144.001905,6112.154,,0.075,6417.0,6145.0,4685503.11868,29003.0,8.160586,22.014205,527621.136364,,1.4,107.085382,651.363636,10.026774
2014-08-01,143.726958,6110.343,,0.075,6420.0,5644.0,4685503.11868,28620.0,8.31636,21.19375,537182.65,,1.3,105.694778,760.761905,11.462581
2014-09-01,143.438195,6120.054,,0.075,5685.0,5644.0,4685503.11868,27866.0,8.419277,20.303977,545090.772727,,1.4,102.484094,718.714286,13.573333
2014-10-01,143.953856,6128.22,,0.069,5794.0,5494.0,5010564.196874,28111.0,8.480314,20.008523,560236.954545,,1.2,98.968453,759.318182,13.64871
2014-11-01,144.782913,6135.285,,0.069,4889.0,4651.0,5010564.196874,28911.0,8.514022,19.802083,568496.555556,,1.1,95.998362,674.277778,12.385667
2014-12-01,144.830344,6142.418,,0.069,4502.0,4300.0,5010564.196874,31407.0,8.549505,20.009868,582295.315789,,1.0,93.041117,745.318182,11.569032
2015-01-01,144.31498,6163.566,,0.071,3796.0,4363.0,5092693.740329,31452.0,8.602381,20.232143,597164.0,,1.1,91.270744,731.7,12.155484
2015-02-01,148.155016,6177.947,,0.071,3872.0,4085.0,5092693.740329,31470.0,8.685856,20.663194,601729.444444,,0.9,88.681229,684.263158,12.118929
2015-03-01,147.468275,6187.7,,0.071,4381.0,5059.0,5092693.740329,31490.0,8.77897,20.903125,614064.65,,1.3,84.550356,593.136364,11.890645
2015-04-01,149.827482,6224.493,,0.066,5155.0,4933.0,5951478.855367,33909.0,8.86574,20.815625,628855.5,,1.1,84.904258,604.363636,12.003333
2015-05-01,149.823745,6228.614,,0.066,5206.0,5003.0,5951478.855367,33283.0,8.948689,20.259868,642711.894737,,1.0,84.84282,596.2,11.872258
2015-06-01,150.418363,6247.468,,0.066,6046.0,5707.0,5951478.855367,33851.0,9.041641,20.477273,660514.090909,,1.0,84.018604,593.227273,12.078333
2015-07-01,150.625556,6253.233,,0.059,5569.0,5801.0,6221730.755772,33943.0,9.142495,20.744318,680920.636364,,1.3,82.339262,603.090909,13.315806
2015-08-01,150.278332,6266.956,,0.059,5136.0,5605.0,6221730.755772,33606.0,9.243265,20.978125,695427.6,,1.2,79.255379,589.952381,13.496774
2015-09-01,148.979631,6260.554,,0.059,5162.0,5487.0,6221730.755772,33257.0,9.365236,21.184659,713436.136364,,1.2,76.197347,561.428571,13.914667
2015-10-01,149.363786,6264.226,74.44,,5033.0,5058.0,6552140.231303,26970.0,9.489567,21.60119,739870.809524,,1.1,76.093021,555.047619,13.880968
2015-11-01,148.520657,6253.657,76.07,,3999.0,4700.0,6552140.231303,25615.0,9.627226,23.427632,767093.157895,,2.0,75.434395,486.052632,14.311667
2015-12-01,146.92312,6222.519,77.29,,3429.0,4404.0,6552140.231303,25563.0,11.427775,27.34375,795665.25,,3.9,85.10477,478.136364,14.489032
2016-01-01,147.887593,6208.425,78.38,,3875.0,4124.0,7006645.045106,30074.0,13.65484,26.3125,809188.0,,4.1,96.002224,485.894737,13.997097
2016-02-01,146.928302,6206.326,79.42,,4143.0,4097.0,7006645.045106,28399.0,14.814558,26.223684,813640.736842,,2.7,102.493747,470.95,14.98069
2016-03-01,145.941668,6198.929,81.92,,4426.0,4556.0,7006645.045106,29572.0,14.96149,29.735119,826385.714286,,3.0,102.973845,450.090909,15.033548
2016-04-01,144.901552,6188.67,85.3,0.093,4743.0,4423.0,8414556.482179,34380.0,14.409538,30.696429,834969.0,,3.4,97.290841,434.238095,14.531
2016-05-01,144.386297,6179.559,88.13,0.093,5377.0,4874.0,8414556.482179,30171.0,14.137724,30.964286,855860.238095,,4.2,91.331593,546.904762,14.118065
2016-06-01,144.404598,6171.683,89.83,0.093,5307.0,5048.0,8414556.482179,30507.0,14.14075,28.946875,873059.9,21.5,3.1,89.173416,521.454545,14.192
2016-07-01,144.590249,6169.266,93.84,0.085,4991.0,4713.0,8527628.825278,32511.0,14.909385,26.01875,894221.2,21.7,2.0,92.670697,511.9,15.050645
2016-08-01,145.512155,6169.744,96.42,0.085,5770.0,5175.0,8527628.825278,31150.0,14.849809,24.84375,909132.636364,21.9,0.2,92.640891,489.086957,14.930323
2016-09-01,145.134828,6172.943,97.69,0.085,5042.0,4800.0,8527628.825278,29902.0,15.100736,23.053977,937257.636364,21.1,1.1,93.134643,446.952381,15.128667
2016-10-01,145.106309,6180.799,100.0,0.076,4729.0,4783.0,8963807.873582,37210.0,15.180995,22.090625,965824.85,19.4,2.4,91.903532,448.15,15.252903
2016-11-01,145.697524,6184.758,101.58,0.076,4848.0,4723.0,8963807.873582,37378.0,15.339905,21.098214,993809.952381,20.0,1.6,88.925086,477.55,15.405333
2016-12-01,147.080278,6186.228,102.69,0.076,4628.0,4595.0,8963807.873582,39308.0,15.829585,20.028125,1042857.0,19.6,1.2,89.831264,494.095238,15.954516
2017-01-01,146.886151,6192.749,104.98,0.092,4291.0,4344.0,9240877.730998,46887.0,15.9065,19.767045,1070890.545455,19.7,1.3,90.56543,467.3,15.959355
2017-02-01,146.91673,6189.394,105.97,0.092,3899.0,4117.0,9240877.730998,50608.0,15.598272,20.0625,1089635.222222,19.5,2.5,88.711655,454.368421,15.663214
2017-03-01,147.787472,6201.636,108.5,0.092,4564.0,5475.0,9240877.730998,50522.0,15.523673,19.5,1111688.772727,18.4,2.4,86.537528,452.173913,15.588387
2017-04-01,147.805214,6198.529,112.14,0.087,4867.0,4973.0,10558208.304643,48217.0,15.35995,19.246528,1135971.388889,17.5,2.6,83.657094,432.0,15.497667
2017-05-01,148.538852,6212.883,114.09,0.087,5493.0,6064.0,10558208.304643,46146.0,15.698138,19.633929,1171244.285714,17.0,1.3,84.161101,411.863636,15.740968
2017-06-01,150.30658,6227.438,116.51,0.087,5152.0,5898.0,10558208.304643,47995.0,16.116638,19.809524,1220850.142857,17.0,1.2,85.028883,410.045455,16.105667
2017-07-01,150.418114,6235.649,121.19,0.083,5298.0,6043.0,11116422.317869,47014.0,17.169043,20.160714,1282389.380952,17.1,1.7,91.025258,435.7,17.172903
2017-08-01,150.360997,6235.019,123.43,0.083,5265.0,6317.0,11116422.317869,48877.0,17.416532,20.806818,1330757.090909,17.2,1.4,92.509856,420.173913,17.504839
2017-09-01,151.272609,6245.881,125.21,0.083,5268.0,5966.0,11116422.317869,50237.0,17.246467,21.327381,1382058.619048,16.9,1.9,90.697687,378.45,17.298
2017-10-01,151.555239,6257.221,127.4,0.072,5280.0,6207.0,11725405.625723,51810.0,17.452781,21.645833,1441856.47619,17.3,1.5,89.152138,353.666667,17.52
2017-11-01,152.670426,6269.622,129.03,0.072,4668.0,6162.0,11725405.625723,54563.0,17.4925,22.59375,1503317.85,17.5,1.4,87.48727,370.428571,17.525
2017-12-01,152.308321,6280.762,129.86,0.072,4577.0,5364.0,11725405.625723,55055.0,17.700053,23.273026,1571235.789474,17.4,3.1,86.943885,356.2,17.789032
2018-01-01,150.816479,6275.113,131.46,0.091,4810.0,5743.0,12457790.347179,62024.0,19.029036,22.965909,1644824.590909,18.6,1.8,93.389772,364.545455,19.052903
2018-02-01,152.313003,6270.427,132.44,0.091,4304.0,5196.0,12457790.347179,61509.0,19.840928,22.78125,1699603.166667,17.6,2.4,96.025521,399.263158,19.917143
2018-03-01,151.64409,6278.963,135.01,0.091,5417.0,5979.0,12457790.347179,61726.0,20.2378,22.8125,1742377.8,17.8,2.3,95.462348,411.0,20.296129
2018-04-01,146.844577,6281.78,138.77,0.096,5216.0,6106.0,14431394.012698,56623.0,20.234868,22.815789,1790999.631579,18.2,2.7,92.057147,408.666667,20.301
2018-05-01,144.543546,6275.383,141.74,0.096,5163.0,6448.0,14431394.012698,50098.0,23.668748,28.285714,1895182.666667,22.2,2.1,101.362529,470.521739,23.646774
2018-06-01,143.27773,6254.378,143.67,0.096,5133.0,5461.0,14431394.012698,61881.0,26.534185,30.565625,1969079.1,24.2,3.7,109.356019,530.952381,26.709
2018-07-01,143.478405,6244.024,147.36,0.09,5415.0,6182.0,15276275.65339,57996.0,27.624733,34.520833,2002493.809524,23.7,3.1,109.439893,574.636364,27.756129
2018-08-01,146.685977,6234.897,151.61,0.09,5202.0,6314.0,15276275.65339,52658.0,30.124509,35.167614,2063586.590909,31.5,3.9,113.2967,670.0,29.697419
2018-09-01,143.066582,6210.124,155.8,0.09,5037.0,4700.0,15276275.65339,49003.0,38.590005,41.85625,2210836.9,31.9,6.5,136.696555,672.7,38.759
2018-10-01,143.481387,6195.564,162.24,0.091,5398.0,5073.0,16813782.695796,53955.0,37.120218,50.491477,2160164.363636,30.6,5.4,126.659204,658.608696,37.300323
2018-11-01,141.696395,6169.473,166.05,0.091,5350.0,4363.0,16813782.695796,51193.0,36.459037,51.365132,2138787.526316,28.6,3.2,118.713114,651.933333,36.324333
2018-12-01,141.948455,6152.275,169.29,0.091,5336.0,3917.0,16813782.695796,65786.0,37.885183,48.635417,2151365.277778,28.7,2.6,119.130226,770.83871,38.113548
2019-01-01,141.346817,6146.097,174.7,0.101,4585.0,4212.0,17484108.856975,66811.0,37.406891,45.8125,2128173.045455,28.5,2.9,116.397543,701.451613,37.529677
2019-02-01,143.752177,6149.887,179.37,0.101,4448.0,3998.0,17484108.856975,68015.0,38.40855,37.584375,2144527.1,29.0,3.8,116.391639,679.75,38.408214
2019-03-01,142.334229,6133.462,187.04,0.101,5137.0,3956.0,17484108.856975,66187.0,41.362374,41.674342,2189295.0,30.7,4.7,119.633901,748.516129,41.281613
2019-04-01,142.53282,6126.614,191.67,0.106,5337.0,4172.0,21233558.154751,71663.0,43.233768,48.707237,2214740.0,31.4,3.4,120.036333,842.433333,43.505
2019-05-01,145.022217,6120.147,198.51,0.106,6044.0,4645.0,21233558.154751,64779.0,44.933214,52.588068,2255079.0,31.0,3.1,119.325444,922.580645,45.162903
2019-06-01,143.999079,6112.573,203.34,0.106,5239.0,4171.0,21233558.154751,64278.0,43.78935,50.895833,2226737.611111,30.0,2.7,114.649304,884.033333,43.899
2019-07-01,145.823984,6105.669,213.49,0.097,5856.0,4905.0,22303884.00878,67899.0,42.54341,48.625,2235149.666667,30.2,2.2,109.726298,788.645161,42.689032
2019-08-01,144.888272,6095.11,218.63,0.097,5568.0,4400.0,22303884.00878,54100.0,52.727057,55.443452,2419787.952381,48.3,4.0,127.630728,1527.677419,52.71
2019-09-01,140.445163,6066.144,225.13,0.097,5746.0,4002.0,22303884.00878,48703.0,56.501419,59.952381,2439555.52381,48.0,5.9,130.596039,2179.766667,65.690333
2019-10-01,143.791872,6042.925,233.0,0.089,5889.0,4121.0,25212225.576297,43260.0,58.530836,55.122159,2444357.363636,48.2,3.3,129.676065,2089.741935,71.744516
2019-11-01,140.867175,6023.738,238.57,0.089,5893.0,3409.0,25212225.576297,43772.0,59.738079,45.986842,2465038.736842,45.6,4.3,126.857216,2339.607143,76.714667
2019-12-01,139.981823,6001.722,243.4,0.089,5374.0,3133.0,25212225.576297,44848.0,59.8832,41.953947,2473263.894737,42.2,3.7,123.510251,2037.677419,74.492581
2020-01-01,141.027228,5988.283,259.01,0.104,4579.0,3535.0,24999988.082613,44917.0,60.010959,36.150568,2453101.409091,40.0,2.3,120.741447,1918.387097,80.113226
2020-02-01,139.690214,5990.319,269.36,0.104,4378.0,3191.0,24999988.082613,44791.0,61.348406,33.586806,2460176.388889,39.9,2.0,118.824586,2023.241379,82.957241
2020-03-01,125.818582,5947.241,277.31,0.104,4383.0,3154.0,24999988.082613,43561.0,63.122711,29.565789,2499406.684211,39.5,3.3,114.390942,3352.612903,86.282258
2020-04-01,106.136336,5839.996,277.45,0.131,4349.0,2894.0,24025361.939099,43568.0,65.761975,19.984375,2618153.15,49.0,1.5,111.483312,3789.733333,101.994
2020-05-01,117.334359,5814.934,277.54,0.131,5078.0,3166.0,24025361.939099,42589.0,67.725526,23.4375,2691892.421053,51.0,1.5,111.66535,3001.096774,116.61129
2020-06-01,124.186934,5808.857,278.62,0.131,4786.0,3299.0,24025361.939099,43242.0,69.540714,29.535714,2753524.714286,52.5,2.2,116.548183,2542.533333,110.319667
2020-07-01,126.390194,5794.039,282.07,0.117,4931.0,3451.0,27536379.505392,43386.0,71.474919,29.532738,2793369.238095,51.9,1.9,117.898099,2334.064516,114.002903
2020-08-01,128.758811,5796.4,286.56,0.117,4955.0,3508.0,27536379.505392,42842.0,73.293,29.653125,2865220.05,51.2,2.7,118.888003,2128.677419,127.575161
2020-09-01,130.599467,5800.898,293.84,0.117,4727.0,4129.0,27536379.505392,41379.0,75.198636,29.744318,2919565.545455,50.5,2.8,119.588091,1511.8,133.83
2020-10-01,133.447894,5802.185,307.22,0.109579,4674.0,4004.0,32277527.046046,39856.0,77.56929,30.696429,3003341.714286,52.1,3.8,118.109085,1401.83871,158.68
2020-11-01,134.684421,5808.462,314.4,0.109579,4500.0,4115.0,32277527.046046,38652.0,79.933237,32.940789,3090777.157895,52.5,3.2,119.556105,1378.2,147.991333
2020-12-01,136.939097,5806.318,320.32,0.109579,3544.0,3908.0,32277527.046046,39387.0,82.637872,34.215278,3177611.222222,49.8,4.0,123.175676,1388.903226,142.507419
2021-01-01,139.821095,5824.875,331.43,0.102,4912.0,3844.0,36785109.79372,39515.0,85.970835,34.121875,3255408.85,49.4,4.0,122.786663,1418.677419,146.521613
2021-02-01,138.397779,5837.084,346.94,0.102,4775.0,3713.0,36785109.79372,39518.0,88.674622,34.100694,3304566.5,45.0,3.6,122.337006,1472.0,148.140357
2021-03-01,140.8415,5861.14,364.98,0.102,5720.0,5320.0,36785109.79372,39593.0,91.066368,34.068182,3361165.5,43.1,4.8,119.022285,1568.193548,148.01
2021-04-01,139.542432,5895.368,378.18,0.096009,6143.0,4673.0,46340281.475929,40263.0,92.863845,34.096875,3420960.6,43.3,4.1,116.763462,1587.1,151.259667
2021-05-01,138.907683,5896.908,390.62,0.096009,6813.0,5141.0,46340281.475929,41872.0,94.104826,34.115132,3484154.0,43.3,3.3,117.243559,1545.580645,160.313548
2021-06-01,141.410799,5901.457,400.52,0.096009,7010.0,5909.0,46340281.475929,42437.0,95.25429,34.119048,3544232.904762,42.9,3.2,116.956362,1513.533333,165.025333
2021-07-01,141.540808,5902.621,422.41,0.082,7252.0,5715.0,47462528.9891,42582.0,96.237781,34.130952,3635915.333333,43.2,3.0,113.742556,1594.903226,167.00871
2021-08-01,143.149095,5916.293,436.4,0.082,8099.0,5754.0,47462528.9891,46180.0,97.213814,34.157738,3734686.52381,43.7,2.5,111.908329,1568.16129,169.18129
2021-09-01,144.136575,5936.462,456.77,0.082,7570.0,5886.0,47462528.9891,42911.0,98.284995,34.159091,3852699.681818,45.6,3.5,110.090252,1540.533333,172.187667
2021-10-01,143.337829,5950.935,473.64,0.07,6863.0,5247.0,54288413.782467,42817.0,99.249126,34.141447,4025387.0,48.6,3.5,105.66234,1638.516129,177.764839
2021-11-01,145.389327,5974.69,491.89,0.07,6191.0,5767.0,54288413.782467,41530.0,100.310071,34.175595,4258009.142857,52.3,2.5,103.819658,1766.7,197.741
2021-12-01,149.866023,6007.204,501.16,0.07,6587.0,6216.0,54288413.782467,39662.0,101.8885,34.2,4479330.9,54.8,3.8,101.821419,1733.548387,208.412903
2022-01-01,148.292492,6041.976,521.3,0.07,5548.0,5251.0,60345325.426595,37589.0,103.9846,36.925595,4570935.619048,53.9,3.9,101.561466,1829.935484,216.637419
2022-02-01,150.843227,6060.13,538.72,0.07,6452.0,5634.0,60345325.426595,37018.0,106.307111,38.315789,4642198.526316,52.9,4.7,102.639899,1765.321429,211.368929
2022-03-01,150.463068,6085.435,580.53,0.07,7354.0,7083.0,60345325.426595,43137.0,109.4585,40.541667,4855460.47619,55.4,6.7,101.529322,1814.482759,196.490645
2022-04-01,152.378358,6115.841,606.82,0.069,8337.0,6883.0,78676963.283241,42007.0,113.334474,43.273026,5084735.315789,56.1,6.0,100.212622,1727.833333,196.420667
2022-05-01,152.111799,6141.209,648.39,0.069,8254.0,7886.0,78676963.283241,41561.0,117.77367,45.521875,5305420.3,60.1,5.1,96.659443,1883.096774,210.372258
2022-06-01,154.27426,6168.561,680.14,0.069,8433.0,8664.0,78676963.283241,42787.0,122.73574,48.20625,5656133.65,68.8,5.3,95.789787,2146.266667,231.058667
2022-07-01,152.614625,6199.521,721.44,0.071,7805.0,8289.0,87863363.941945,38232.0,128.44539,51.071429,5976689.571429,83.7,7.4,91.862599,2659.870968,299.161935
2022-08-01,151.588219,6205.942,770.07,0.071,7541.0,7837.0,87863363.941945,36734.0,135.290295,60.488636,6260268.409091,90.5,7.0,91.700333,2422.806452,289.990323
2022-09-01,150.761622,6229.588,820.02,0.071,7518.0,7137.0,87863363.941945,37625.0,143.625233,66.488095,6438593.857143,94.1,6.2,89.265321,2425.931034,295.476
2022-10-01,148.989752,6248.145,865.46,0.062818,7962.0,6079.0,104354529.227686,38676.0,152.592895,69.0625,6685490.315789,98.8,6.3,88.361946,2707.535714,307.05129
2022-11-01,148.141105,6264.69,923.98,0.062818,7122.0,5762.0,104354529.227686,38009.0,162.118333,69.178571,7036925.333333,100.7,4.9,90.108238,2444.5,317.019333
2022-12-01,148.616863,6276.192,981.09,0.062818,6119.0,5017.0,104354529.227686,44598.0,172.90316,69.3,7426444.2,98.4,5.1,93.217399,2221.322581,334.483871
2023-01-01,149.536382,6298.799,1023.66,0.068745,4925.331148,5367.981519,122260810.806336,41417.0,182.244091,69.46875,7659750.272727,98.5,6.0,95.145064,1961.612903,352.953226
2023-02-01,150.204211,6312.769,1082.99,0.068745,5239.194127,5028.595548,122260810.806336,38709.0,191.892394,69.774306,7955182.777778,103.5,6.6,94.774358,1977.75,367.934286
2023-03-01,151.035234,6335.646,1200.76,0.068745,5734.574726,6845.606937,122260810.806336,39060.0,203.105536,70.980114,8481039.227273,113.3,7.7,93.596838,2294.0,390.233548
2023-04-01,147.541927,6351.555,1270.68,0.062,5898.249881,6091.243388,160137437.361369,35001.0,216.555917,74.236111,9284743.277778,146.5,8.4,93.819091,2493.133333,425.605667
2023-05-01,145.608721,6368.923,1375.74,0.062,6261.858449,7385.90274,160137437.361369,33001.0,231.190835,90.046875,10083112.75,171.1,7.8,93.055387,2584.225806,456.844194
2023-06-01,145.976198,6386.269,1455.78,0.062,5414.914879,7247.65177,160137437.361369,27926.0,248.76167,92.446875,10721602.8,161.4,6.0,93.970332,2329.7,488.438667
2023-07-01,148.708527,6405.046,1626.33,0.05726,6060.342837,6760.682831,208506894.41981,24092.0,266.464686,92.60119,11394331.428571,154.9,6.3,95.855108,2028.344828,514.575161
2023-08-01,150.07156,6407.826,1747.82,0.05726,5910.266408,6884.658699,208506894.41981,27818.0,322.1341,104.017045,12471811.363636,197.5,12.4,104.832892,2041.677419,683.55
2023-09-01,149.706162,6393.06,1964.34,0.05726,5750.694924,6525.133843,208506894.41981,26925.0,349.998014,113.735119,13394963.285714,185.9,12.7,100.673597,2242.966667,743.097667
2023-10-01,147.831078,6380.548,2138.81,0.057,5396.468437,5838.876758,284879571.87458,22559.0,350.020415,122.08125,15077312.9,195.6,8.3,89.636394,2546.193548,893.326129
2023-11-01,146.381541,6372.692,2335.04,0.057,4923.234858,5481.934527,284879571.87458,21513.0,353.84041,129.35,16161680.2,226.7,12.8,83.203349,2327.0,885.756667
2023-12-01,142.990893,6361.349,2546.2,0.057,5273.385312,4255.348209,284879571.87458,23073.0,641.994732,121.171053,18008499.526316,213.0,25.5,124.879387,1892.225806,963.742581
2024-01-01,143.057416,6326.789,2985.0,0.077,5412.32395,4603.954647,431840977.840383,27642.0,818.345455,109.167614,18960537.636364,183.2,20.6,132.785795,1942.064516,1194.38
2024-02-01,143.871026,6300.309,3415.26,0.077,5550.152159,4118.057432,431840977.840383,26690.0,834.914037,108.894737,21100162.052632,146.9,13.2,115.752972,1844.655172,1173.772414
2024-03-01,142.333972,6275.657,3768.21,0.077,6491.945795,4331.570773,431840977.840383,27127.0,850.337721,85.414474,22592292.210526,120.0,11.0,105.880399,1557.290323,1066.012903
2024-04-01,141.094849,6259.03,4162.57,0.075644,6511.291054,4704.521379,559535913.189159,27578.0,868.958335,62.66875,25070313.8,88.0,8.8,97.031232,1275.9,1055.97
2024-05-01,143.120092,6249.547,4490.03,0.075644,7666.53391,5012.117414,559535913.189159,28664.0,886.863636,35.585227,28143847.909091,68.9,4.2,93.434456,1299.709677,1144.280645
2024-06-01,143.334336,6239.542,4749.88,0.075644,6567.23094,4687.448505,559535913.189159,29022.0,903.779418,33.426471,31796856.529412,63.3,4.6,89.903914,1446.8,1299.223333
2024-07-01,147.245032,6233.307,5054.69,0.069,7185.791655,5727.054468,637639916.336375,26402.0,923.765155,36.90625,36647804.818182,53.7,4.0,87.88267,1530.935484,1358.739677
2024-08-01,147.99748,6236.829,5303.03,0.069,6757.78532,4882.940945,637639916.336375,26719.0,942.920445,38.84375,41457277.227273,44.7,4.2,87.158216,1529.548387,1298.716129
2024-09-01,147.828695,6246.04,5505.4,0.069,6952.880479,5970.958705,637639916.336375,27172.0,961.825405,39.380952,46130618.952381,40.9,3.5,86.045073,1381.633333,1246.803333
2024-10-01,149.107195,6253.531,5729.85,0.064,7032.24999,6120.463795,708491236.740844,28618.0,981.568177,40.508523,51328265.227273,35.0,2.7,84.047428,1102.612903,1188.73871
2024-11-01,150.87022,6255.151,5907.43,0.064,6526.002225,5249.072093,708491236.740844,30214.0,1001.837716,36.171053,56474774.368421,29.4,2.4,81.751856,809.8,1138.196667
2024-12-01,151.446325,6263.79,6051.9,0.064,7049.019244,5367.411414,708491236.740844,29640.0,1020.706142,32.875,61454655.052632,25.9,2.7,79.795134,694.096774,1129.925806
2025-01-01,151.550959,6254.887,6164.38,0.079,5914.848042,5752.750162,729698211.141071,28310.0,1043.564395,31.497159,67285623.772727,21.9,2.2,79.704247,610.73913,1185.529032
2025-02-01,153.416761,6265.081,6349.04,0.079,6139.704057,5864.287561,729698211.141071,28117.0,1058.4625,28.478125,71925928.05,22.2,2.4,81.044385,698.3,1205.960714
2025-03-01,149.455687,6253.922,6509.23,0.079,6642.346973,6018.847976,729698211.141071,24986.0,1069.034722,29.506944,76635165.833333,24.5,3.7,80.505094,753.95,1264.109677
2025-04-01,152.508373,6265.115,6668.41,0.075762,6674.330684,6459.959189,835447894.188078,38928.0,1121.567984,33.154605,82255096.578947,26.3,2.8,82.335376,799.181818,1257.856667
2025-05-01,152.463181,6267.704,6828.33,0.075762,7095.182979,6487.970009,835447894.188078,36919.0,1147.52916,32.753125,87339322.4,20.9,1.5,83.904056,683.809524,1174.087097
2025-06-01,150.973591,6252.581,6936.6,0.075762,7275.260645,6395.91012,835447894.188078,39973.0,1181.355263,32.161184,91817407.894737,20.8,1.6,86.128919,688.166667,1192.286667
2025-07-01,151.542067,6240.464,7089.73,0.066,7760.555668,6853.67165,888000914.239184,38866.0,1267.022732,32.497159,97871556.409091,21.1,1.9,91.7766,728.190476,1277.841935
2025-08-01,152.477646,6228.961,7261.51,0.066,7903.012243,6462.720701,888000914.239184,39986.0,1329.537495,48.03125,102523699.9,20.9,1.9,95.052146,758.095238,1333.016129
2025-09-01,153.228969,6216.154,7355.64,0.066,8128.182172,7191.133462,888000914.239184,40374.0,1399.897736,48.428977,105989466.227273,21.9,2.1,99.104944,1089.909091,1453.183333
2025-10-01,153.261399,6200.688,7504.02,0.075,7962.634646,7149.970998,947812173.331166,39382.0,1432.022727,46.167614,109987701.272727,20.8,2.3,98.900365,988.956522,1519.970968
2025-11-01,152.954023,6184.759,7639.72,0.075,8132.731348,5597.992481,947812173.331166,40335.0,1427.617647,32.025735,111300200.352941,21.0,2.5,96.008083,630.35,1494.623333
2025-12-01,155.989345,6172.347,7794.68,0.075,7482.40736,5555.904923,947812173.331166,41095.0,1447.837721,26.460526,115069452.789474,20.1,2.8,94.679862,600.826087,1523.477419
2026-01-01,155.985708,6165.21,7952.81,0.078,7245.296047,5056.670157,,44503.0,1449.334662,31.202381,118915741.333333,21.0,2.9,93.537353,550.136364,1519.541935
2026-02-01,152.58282,6162.911,8096.38,0.078,5963.339018,5166.573882,,45566.0,1409.6571,30.791667,120267663.222222,22.3,2.9,90.091015,520.85,1471.271429
2026-03-01,156.736957,6153.932,8341.11,0.078,8697.085126,6115.895278,,42052.0,1396.338715,27.56875,122006885.4,23.8,3.4,86.234029,587.272727,1470.083871
2026-04-01,154.60966,6141.363,8628.95,0.079,8915.936373,6203.139714,,44516.0,1381.45228,22.446875,126018669.55,24.2,2.6,84.669565,561.545455,1478.466667
2026-05-01,153.701897,6132.641,8787.6,0.079,9577.820382,6128.02646,,48193.0,1397.237237,21.345395,129285969.0,23.3,2.1,84.324306,521.095238,1485.893548
2026-06-01,154.117264,6126.38,9000.1,0.079,9111.849807,6876.661623,,44870.0,1450.272776,20.690476,133692154.333333,22.3,1.9,84.9764,454.545455,1517.706667
2026-07-01,149.647923,,9223.92,,8853.859533,6755.731447,,47599.0,1487.00381,21.318452,138807825.714286,21.8,2.1,85.488619,419.391304,1574.793548
2026-08-01,,,,,8882.582499,6695.991644,,48259.0,1499.962935,22.721875,142030845.05,21.0,1.7,85.534638,482.666667,1585.945161
2026-09-01,,,,,,,,46092.0,1513.886973,22.46875,144974521.909091,,,85.842323,530.181818,1598.97
2026-10-01,,,,,,,,48288.0,1521.853433,22.90625,148563098.0,,,85.116058,630.0,1620.2
