concepto,desde,hasta,monto_millones,moneda,fuente
swap_china,2014-10,2014-10,5000,CNY,"1er tramo del swap 2014 (70.000 M CNY), 30-oct-2014: USD 814 M"
swap_china,2014-11,2014-11,8100,CNY,"2do tramo nov-2014: USD 500 M (acumulado USD 1.314 M)"
swap_china,2014-12,2014-12,14300,CNY,"3er tramo dic-2014: USD 1.000 M (acumulado USD 2.314 M)"
swap_china,2015-01,2015-01,19400,CNY,"5 tramos a ene-2015: USD 3.114 M"
swap_china,2015-02,2015-02,25200,CNY,"interpolado lineal ene-2015 a sep-2015 (sin dato mensual publico)"
swap_china,2015-03,2015-03,31000,CNY,"interpolado lineal ene-2015 a sep-2015 (sin dato mensual publico)"
swap_china,2015-04,2015-04,36800,CNY,"interpolado lineal ene-2015 a sep-2015 (sin dato mensual publico)"
swap_china,2015-05,2015-05,42500,CNY,"interpolado lineal ene-2015 a sep-2015 (sin dato mensual publico)"
swap_china,2015-06,2015-06,48300,CNY,"interpolado lineal ene-2015 a sep-2015 (sin dato mensual publico)"
swap_china,2015-07,2015-07,54100,CNY,"interpolado lineal ene-2015 a sep-2015 (sin dato mensual publico)"
swap_china,2015-08,2015-08,59900,CNY,"interpolado lineal ene-2015 a sep-2015 (sin dato mensual publico)"
swap_china,2015-09,2018-11,70000,CNY,"swap 2014 completo en sep-2015; la conversion de dic-2015 (20.000 M CNY a USD) no cambia el pasivo; renovado jul-2017"
swap_china,2018-12,,130000,CNY,"ampliacion de 60.000 M CNY (dic-2018); renovado 2020, 2023 (35.000 M activados y usados) y 2024; FMI Art. IV 2026: vigente, tramo activado refinanciado a mediados de 2026"
repo_bcra,2016-01,2016-06,5000,USD,"REPO con 7 bancos internacionales (ene-2016); BCRA API var 76"
repo_bcra,2016-07,2016-11,1000,USD,"cancelado el de USD 5.000 M; nuevo REPO con 2 bancos (jul-2016); BCRA API var 76"
repo_bcra,2025-01,2025-05,1000,USD,"REPO ene-2025"
repo_bcra,2025-06,2025-12,3000,USD,"+ REPO USD 2.000 M (jun-2025)"
repo_bcra,2026-01,,6000,USD,"+ REPO USD 3.000 M (7-ene-2026); los USD 6.000 M se refinanciaron en jul-2026 a sep-2028"
swap_eeuu,2025-10,2025-11,2541,USD,"tramo activado del swap con el Tesoro de EEUU (oct-2025, USD 2.541 M); cancelado en dic-2025 con una facilidad del BIS, que ya esta en organismos internacionales"
